Index,Line87_Parameter,Line92_Parameter,KEFF_Value,KEFF_Change,KEFF_Change_Percent,Baseline_Deviation,Baseline_Deviation_Percent,Output_File
1,4.000000E-08,2.515723E-08,1.225680,0.000000,0.0000,+0.001980,+0.1618,4.000000E-08.out
2,4.229485E-08,2.660053E-08,1.224700,-0.000980,-0.0800,+0.001000,+0.0817,4.229485E-08.out
3,4.472136E-08,2.812664E-08,1.223660,-0.002020,-0.1648,-0.000040,-0.0033,4.472136E-08.out
4,4.728708E-08,2.974030E-08,1.222570,-0.003110,-0.2537,-0.001130,-0.0923,4.728708E-08.out
5,5.000000E-08,3.144654E-08,1.221410,-0.004270,-0.3484,-0.002290,-0.1871,5.000000E-08.out
