序号,第87行参数值,第92行参数值,keff值,keff变化,keff变化百分比(%),输出文件
1,5.000000E-08,3.144654E-08,1.306620,0.000000,0.0000,5.000000E-08.out
2,1.000000E-07,6.289308E-08,1.291360,-0.015260,-1.1679,1.000000E-07.out
3,2.000000E-07,1.257862E-07,1.262130,-0.044490,-3.4050,2.000000E-07.out
4,4.000000E-07,2.515723E-07,1.208370,-0.098250,-7.5194,4.000000E-07.out
5,8.000000E-07,5.031447E-07,1.116410,-0.190210,-14.5574,8.000000E-07.out
